Name,Chromosome,Position,rsID,Reference,Alternate,Protein Consequence,Transcript Consequence,Annotation,Flags,Allele Count,Allele Number,Allele Frequency,Homozygote Count,Hemizygote Count,Variant ID
OR51B5,11,5363765,rs768657326,C,A,,c.*51G>T,3_prime_UTR_variant,,1,173364,5.7682102397268175e-06,0,0,11-5363765-C-A
OR51B5,11,5363765,rs768657326,C,G,,c.*51G>C,3_prime_UTR_variant,,2,173364,1.1536420479453635e-05,0,0,11-5363765-C-G
OR51B5,11,5363766,rs762078238,T,A,,c.*50A>T,3_prime_UTR_variant,,1,174104,5.743693424619768e-06,0,0,11-5363766-T-A
OR51B5,11,5363767,rs765524358,A,G,,c.*49T>C,3_prime_UTR_variant,,2,174612,1.1453966508601929e-05,0,0,11-5363767-A-G
OR51B5,11,5363768,rs1423228300,A,C,,c.*48T>G,3_prime_UTR_variant,,1,175014,5.713828607997074e-06,0,0,11-5363768-A-C
OR51B5,11,5363769,rs370692449,A,ATATT,,c.*43_*46dupAATA,3_prime_UTR_variant,,6,177172,3.386539633802181e-05,0,0,11-5363769-A-ATATT
OR51B5,11,5363769,rs370692449,A,T,,c.*47T>A,3_prime_UTR_variant,,4,177172,2.257693089201454e-05,0,0,11-5363769-A-T
OR51B5,11,5363769,rs370692449,ATAT,A,,c.*44_*46delATA,3_prime_UTR_variant,,1,177172,5.644232723003635e-06,0,0,11-5363769-ATAT-A
OR51B5,11,5363773,rs374536180,T,G,,c.*43A>C,3_prime_UTR_variant,,1,178182,5.6122391711845195e-06,0,0,11-5363773-T-G
OR51B5,11,5363775,rs766890322,G,C,,c.*41C>G,3_prime_UTR_variant,,1,178810,5.592528382081539e-06,0,0,11-5363775-G-C
OR51B5,11,5363775,rs766890322,GA,G,,c.*40delT,3_prime_UTR_variant,,1,178810,5.592528382081539e-06,0,0,11-5363775-GA-G
OR51B5,11,5363777,rs1401090421,G,A,,c.*39C>T,3_prime_UTR_variant,,1,180246,5.547973325344252e-06,0,0,11-5363777-G-A
OR51B5,11,5363790,rs752049922,G,C,,c.*26C>G,3_prime_UTR_variant,,3,192756,1.556371786092262e-05,0,0,11-5363790-G-C
OR51B5,11,5363792,rs755646936,G,C,,c.*24C>G,3_prime_UTR_variant,,1,193202,5.175929855798594e-06,0,0,11-5363792-G-C
OR51B5,11,5363794,rs763757016,G,C,,c.*22C>G,3_prime_UTR_variant,,2,194622,1.02763305278951e-05,0,0,11-5363794-G-C
OR51B5,11,5363795,rs149844212,AGT,A,,c.*19_*20delAC,3_prime_UTR_variant,,513,195082,0.002629663423585979,6,0,11-5363795-AGT-A
OR51B5,11,5363800,rs753483883,C,CT,,c.*15dupA,3_prime_UTR_variant,,1,200378,4.990567826807334e-06,0,0,11-5363800-C-CT
OR51B5,11,5363800,rs753483883,C,T,,c.*16G>A,3_prime_UTR_variant,,0,200378,0,0,0,11-5363800-C-T
OR51B5,11,5363800,rs753483883,CTG,C,,c.*14_*15delCA,3_prime_UTR_variant,,1,200378,4.990567826807334e-06,0,0,11-5363800-CTG-C
OR51B5,11,5363808,rs756975969,A,G,,c.*8T>C,3_prime_UTR_variant,,2,204462,9.781768739423462e-06,0,0,11-5363808-A-G
OR51B5,11,5363816,rs778809704,T,A,p.Ter313CysextTer17,c.939A>T,stop_lost,,1,210362,4.7537102708664115e-06,0,0,11-5363816-T-A
OR51B5,11,5363831,rs745696979,A,C,p.His308Gln,c.924T>G,missense_variant,,1,227730,4.391164976068151e-06,0,0,11-5363831-A-C
OR51B5,11,5363832,rs758174001,T,C,p.His308Arg,c.923A>G,missense_variant,,2,228652,8.74691671185907e-06,0,0,11-5363832-T-C
OR51B5,11,5363833,rs1397191890,G,T,p.His308Asn,c.922C>A,missense_variant,,1,229966,4.348468904098867e-06,0,0,11-5363833-G-T
OR51B5,11,5363834,rs780009214,G,C,c.921C>G(p.=),c.921C>G,synonymous_variant,,3,230692,1.3004352123177223e-05,0,0,11-5363834-G-C
OR51B5,11,5363836,rs1218048923,T,C,p.Thr307Ala,c.919A>G,missense_variant,,1,231354,4.322380421345643e-06,0,0,11-5363836-T-C
OR51B5,11,5363837,rs376942679,A,G,c.918T>C(p.=),c.918T>C,synonymous_variant,,2,232100,8.61697544161999e-06,0,0,11-5363837-A-G
OR51B5,11,5363838,rs776701459,G,A,p.Thr306Ile,c.917C>T,missense_variant,,2,234476,8.529657619543152e-06,0,0,11-5363838-G-A
OR51B5,11,5363839,rs774448395,T,TA,p.Thr306TyrfsTer4,c.915dupT,frameshift_variant,lc_lof,8,234702,3.4085776857461806e-05,0,0,11-5363839-T-TA
OR51B5,11,5363841,rs748299161,A,G,p.Phe305Ser,c.914T>C,missense_variant,,1,235764,4.241529665258479e-06,0,0,11-5363841-A-G
OR51B5,11,5363847,rs1482785913,TGAA,T,p.Leu302del,c.905_907delTTC,inframe_deletion,,2,238822,8.374437865858255e-06,0,0,11-5363847-TGAA-T
OR51B5,11,5363848,rs1201018903,G,A,p.His303Tyr,c.907C>T,missense_variant,,1,239796,4.170211346311031e-06,0,0,11-5363848-G-A
OR51B5,11,5363851,rs773359755,G,C,p.Leu302Val,c.904C>G,missense_variant,,4,241328,1.6574951932639395e-05,0,0,11-5363851-G-C
OR51B5,11,5363853,rs1487042716,ATGGCAT,A,p.Asn299_Ala300del,c.896_901delATGCCA,inframe_deletion,,1,241950,4.13308534821244e-06,0,0,11-5363853-ATGGCAT-A
OR51B5,11,5363855,rs1192221962,G,A,c.900C>T(p.=),c.900C>T,synonymous_variant,,1,242020,4.131889926452359e-06,0,0,11-5363855-G-A
OR51B5,11,5363867,rs763348995,C,A,p.Gln296His,c.888G>T,missense_variant,,1,243252,4.1109631164389195e-06,0,0,11-5363867-C-A
OR51B5,11,5363869,rs139232551,G,A,p.Gln296Ter,c.886C>T,stop_gained,lc_lof,5,245342,2.037971484702986e-05,0,0,11-5363869-G-A
OR51B5,11,5363871,rs200080424,T,C,p.Lys295Arg,c.884A>G,missense_variant,,69,245480,0.00028108196187062083,1,0,11-5363871-T-C
OR51B5,11,5363872,rs370886176,T,G,p.Lys295Gln,c.883A>C,missense_variant,,0,245844,0,0,0,11-5363872-T-G
OR51B5,11,5363873,rs143394874,G,A,c.882C>T(p.=),c.882C>T,synonymous_variant,,112,247188,0.00045309642862922147,0,0,11-5363873-G-A
OR51B5,11,5363880,rs763632098,A,G,p.Val292Ala,c.875T>C,missense_variant,,2,249042,8.030773925683218e-06,0,0,11-5363880-A-G
OR51B5,11,5363881,rs148387535,C,T,p.Val292Ile,c.874G>A,missense_variant,,15,249598,6.009663538970665e-05,0,0,11-5363881-C-T
OR51B5,11,5363882,rs570234857,A,G,c.873T>C(p.=),c.873T>C,synonymous_variant,,2,249824,8.005635967721275e-06,0,0,11-5363882-A-G
OR51B5,11,5363883,,C,CTATATGTTAT,p.Ser291AsnfsTer4,c.862_871dupATAACATATA,stop_gained,lc_lof,1,250044,3.999296123882197e-06,0,0,11-5363883-C-CTATATGTTAT
OR51B5,11,5363883,,CTATATGT,C,p.Thr289ValfsTer?,c.865_871delACATATA,frameshift_variant,lc_lof,1,250044,3.999296123882197e-06,0,0,11-5363883-CTATATGT-C
OR51B5,11,5363885,rs764961321,A,G,c.870T>C(p.=),c.870T>C,synonymous_variant,,9,250268,3.5961449326322186e-05,0,0,11-5363885-A-G
OR51B5,11,5363889,rs374336815,G,A,p.Thr289Ile,c.866C>T,missense_variant,,1,250674,3.989244995492153e-06,0,0,11-5363889-G-A
OR51B5,11,5363893,rs750081550,T,C,p.Ile288Val,c.862A>G,missense_variant,,3,250748,1.1964203104311899e-05,0,0,11-5363893-T-C
OR51B5,11,5363895,rs758206996,G,C,p.Pro287Arg,c.860C>G,missense_variant,,2,250764,7.975626485460433e-06,0,0,11-5363895-G-C
OR51B5,11,5363905,rs779768548,G,A,c.850C>T(p.=),c.850C>T,synonymous_variant,,1,250932,3.985143385459009e-06,0,0,11-5363905-G-A
OR51B5,11,5363907,rs531142715,G,A,p.Pro283Leu,c.848C>T,missense_variant,,4,250954,1.5939176103987185e-05,0,0,11-5363907-G-A
OR51B5,11,5363909,rs754910118,A,G,c.846T>C(p.=),c.846T>C,synonymous_variant,,1,250934,3.98511162297656e-06,0,0,11-5363909-A-G
OR51B5,11,5363910,rs781205134,G,A,p.Pro282Leu,c.845C>T,missense_variant,,3,250936,1.1955239583001243e-05,0,0,11-5363910-G-A
OR51B5,11,5363912,rs748209109,G,A,c.843C>T(p.=),c.843C>T,synonymous_variant,,1,250994,3.9841589838800925e-06,0,0,11-5363912-G-A
OR51B5,11,5363912,rs748209109,G,T,p.Phe281Leu,c.843C>A,missense_variant,,1,250994,3.9841589838800925e-06,0,0,11-5363912-G-T
OR51B5,11,5363915,rs552818633,C,G,c.840G>C(p.=),c.840G>C,synonymous_variant,,2,250982,7.968698950522349e-06,0,0,11-5363915-C-G
OR51B5,11,5363922,rs1486544756,T,C,p.Tyr278Cys,c.833A>G,missense_variant,,5,251020,1.9918731575173292e-05,0,0,11-5363922-T-C
OR51B5,11,5363925,rs773482650,G,C,p.Ala277Gly,c.830C>G,missense_variant,,2,251032,7.967111762643806e-06,0,0,11-5363925-G-C
OR51B5,11,5363926,rs757159468,C,T,p.Ala277Thr,c.829G>A,missense_variant,,9,251028,3.585257421482863e-05,0,0,11-5363926-C-T
OR51B5,11,5363931,rs1434122512,C,G,p.Ser275Thr,c.824G>C,missense_variant,,3,251060,1.1949334820361666e-05,0,0,11-5363931-C-G
OR51B5,11,5363932,rs771270455,T,A,p.Ser275Cys,c.823A>T,missense_variant,,31,251064,0.00012347449255966606,0,0,11-5363932-T-A
OR51B5,11,5363933,rs571085173,C,T,p.Met274Ile,c.822G>A,missense_variant,,1,251066,3.983016417993675e-06,0,0,11-5363933-C-T
OR51B5,11,5363933,rs571085173,C,A,p.Met274Ile,c.822G>T,missense_variant,,1,251066,3.983016417993675e-06,0,0,11-5363933-C-A
OR51B5,11,5363937,rs149987261,A,ATGAGGTGAACAATATGTGGAACCTGCTTTC,p.Leu272_Ile273insArgLysGlnValProHisIleValHisLeu,c.788_817dupGAAAGCAGGTTCCACATATTGTTCACCTCA,inframe_insertion,,1,251062,3.983079876683847e-06,0,0,11-5363937-A-ATGAGGTGAACAATATGTGGAACCTGCTTTC
OR51B5,11,5363937,rs149987261,A,G,p.Ile273Thr,c.818T>C,missense_variant,,7,251062,2.788155913678693e-05,0,0,11-5363937-A-G
OR51B5,11,5363938,rs200819869,T,G,p.Ile273Leu,c.817A>C,missense_variant,,5,251072,1.9914606168748408e-05,0,0,11-5363938-T-G
OR51B5,11,5363944,rs1159743713,G,C,p.His271Asp,c.811C>G,missense_variant,,1,251060,3.983111606787222e-06,0,0,11-5363944-G-C
OR51B5,11,5363945,rs776187264,A,C,c.810T>G(p.=),c.810T>G,synonymous_variant,,3,251058,1.194943001218842e-05,0,0,11-5363945-A-C
OR51B5,11,5363949,rs779175780,A,G,p.Ile269Thr,c.806T>C,missense_variant,,1,251056,3.983175068510611e-06,0,0,11-5363949-A-G
OR51B5,11,5363949,rs779175780,A,C,p.Ile269Ser,c.806T>G,missense_variant,,17,251056,6.771397616468039e-05,0,0,11-5363949-A-C
OR51B5,11,5363952,rs185801103,T,C,p.His268Arg,c.803A>G,missense_variant,,1,251024,3.9836828351074e-06,0,0,11-5363952-T-C
OR51B5,11,5363958,rs1387154431,A,C,p.Val266Gly,c.797T>G,missense_variant,,1,251020,3.983746315034659e-06,0,0,11-5363958-A-C
OR51B5,11,5363966,rs1305427333,T,A,c.789A>T(p.=),c.789A>T,synonymous_variant,,3,250980,1.1953143676786996e-05,0,0,11-5363966-T-A
OR51B5,11,5363972,rs1239388347,A,T,c.783T>A(p.=),c.783T>A,synonymous_variant,,1,250930,3.985175148447774e-06,0,0,11-5363972-A-T
OR51B5,11,5363973,rs751337907,C,T,p.Arg261His,c.782G>A,missense_variant,,8,250890,3.1886484116545096e-05,0,0,11-5363973-C-T
OR51B5,11,5363974,rs754820149,G,A,p.Arg261Cys,c.781C>T,missense_variant,,1,250874,3.9860647177467574e-06,0,0,11-5363974-G-A
OR51B5,11,5363974,rs754820149,G,C,p.Arg261Gly,c.781C>G,missense_variant,,1,250874,3.9860647177467574e-06,0,0,11-5363974-G-C
OR51B5,11,5363974,rs754820149,G,T,p.Arg261Ser,c.781C>A,missense_variant,,1,250874,3.9860647177467574e-06,0,0,11-5363974-G-T
OR51B5,11,5363975,rs1218654139,A,G,c.780T>C(p.=),c.780T>C,synonymous_variant,,1,250942,3.984984578109683e-06,0,0,11-5363975-A-G
OR51B5,11,5363978,rs752700939,A,G,c.777T>C(p.=),c.777T>C,synonymous_variant,,1,250882,3.985937612104495e-06,0,0,11-5363978-A-G
OR51B5,11,5363980,rs1195102892,TCAGAGACAATC,T,p.Gly255AspfsTer33,c.764_774delGATTGTCTCTG,frameshift_variant,lof_flag,1,250880,3.985969387755102e-06,0,0,11-5363980-TCAGAGACAATC-T
OR51B5,11,5363981,rs1236772251,CAGAGACAATCCAATCACTG,C,p.Thr252ArgfsTer17,c.755_773delCAGTGATTGGATTGTCTCT,frameshift_variant,lof_flag,3,250840,1.1959815021527667e-05,0,0,11-5363981-CAGAGACAATCCAATCACTG-C
OR51B5,11,5363986,rs777730196,A,G,p.Ser257Pro,c.769T>C,missense_variant,,1,250838,3.986636793468294e-06,0,0,11-5363986-A-G
OR51B5,11,5363989,rs749463056,A,T,p.Leu256Met,c.766T>A,missense_variant,,6,250712,2.3931842113660297e-05,0,0,11-5363989-A-T
OR51B5,11,5363990,rs1410751898,T,C,c.765A>G(p.=),c.765A>G,synonymous_variant,,1,250718,3.988544899049929e-06,0,0,11-5363990-T-C
OR51B5,11,5363991,rs1403683895,C,G,p.Gly255Ala,c.764G>C,missense_variant,,1,250606,3.990327446270241e-06,0,0,11-5363991-C-G
OR51B5,11,5363994,rs771089918,A,G,p.Ile254Thr,c.761T>C,missense_variant,,4,250660,1.5957871219979253e-05,0,0,11-5363994-A-G
OR51B5,11,5363999,rs1350532552,T,C,c.756A>G(p.=),c.756A>G,synonymous_variant,,1,250466,3.992557872126356e-06,0,0,11-5363999-T-C
OR51B5,11,5364000,rs1463274132,G,A,p.Thr252Ile,c.755C>T,missense_variant,,1,250426,3.9931955947066195e-06,0,0,11-5364000-G-A
OR51B5,11,5364003,rs779288467,A,G,p.Val251Ala,c.752T>C,missense_variant,,1,250360,3.994248282473238e-06,0,0,11-5364003-A-G
OR51B5,11,5364006,rs770824404,T,G,p.Tyr250Ser,c.749A>C,missense_variant,,5,250182,1.9985450591969047e-05,0,0,11-5364006-T-G
OR51B5,11,5364006,rs770824404,T,TA,p.Tyr250LeufsTer42,c.748dupT,frameshift_variant,lof_flag,1,250182,3.9970901183938095e-06,0,0,11-5364006-T-TA
OR51B5,11,5364012,rs1374450483,A,T,p.Val248Asp,c.743T>A,missense_variant,,2,250264,7.991560911677269e-06,0,0,11-5364012-A-T
OR51B5,11,5364013,rs79267863,C,T,p.Val248Ile,c.742G>A,missense_variant,,316,250202,0.0012629795125538566,2,0,11-5364013-C-T
OR51B5,11,5364014,rs776135615,C,G,c.741G>C(p.=),c.741G>C,synonymous_variant,,1,250040,3.999360102383618e-06,0,0,11-5364014-C-G
OR51B5,11,5364015,rs761321599,A,AGGACACAGCAGATATGGG,p.Val246_Leu247insProHisIleCysCysVal,c.722_739dupCCCATATCTGCTGTGTCC,inframe_insertion,,1,250124,3.998016983576146e-06,0,0,11-5364015-A-AGGACACAGCAGATATGGG
OR51B5,11,5364015,rs761321599,A,G,p.Leu247Pro,c.740T>C,missense_variant,,3,250124,1.199405095072844e-05,0,0,11-5364015-A-G
OR51B5,11,5364017,rs769286511,G,T,c.738C>A(p.=),c.738C>A,synonymous_variant,,8,250244,3.1968798452710154e-05,0,0,11-5364017-G-T
OR51B5,11,5364024,rs772597393,C,T,p.Cys244Tyr,c.731G>A,missense_variant,,1,249962,4.000608092430049e-06,0,0,11-5364024-C-T
OR51B5,11,5364026,rs762624040,G,C,p.Ile243Met,c.729C>G,missense_variant,,7,250054,2.7993953306085884e-05,0,0,11-5364026-G-C
OR51B5,11,5364026,rs762624040,G,T,c.729C>A(p.=),c.729C>A,synonymous_variant,,1,250054,3.999136186583698e-06,0,0,11-5364026-G-T
OR51B5,11,5364030,rs145231699,T,C,p.His242Arg,c.725A>G,missense_variant,,812,250002,0.0032479740162078704,1,0,11-5364030-T-C
OR51B5,11,5364033,rs759326974,G,A,p.Ser241Phe,c.722C>T,missense_variant,,1,250008,3.999872004095869e-06,0,0,11-5364033-G-A
OR51B5,11,5364038,rs1215226151,A,G,c.717T>C(p.=),c.717T>C,synonymous_variant,,1,250002,3.999968000255998e-06,0,0,11-5364038-A-G
OR51B5,11,5364039,rs535530130,C,A,p.Cys239Phe,c.716G>T,missense_variant,,1,249870,4.002081082162724e-06,0,0,11-5364039-C-A
OR51B5,11,5364041,rs141286868,G,C,c.714C>G(p.=),c.714C>G,synonymous_variant,,240,249950,0.0009601920384076816,0,0,11-5364041-G-C
OR51B5,11,5364042,rs756049791,G,A,p.Thr238Ile,c.713C>T,missense_variant,,2,249978,8.000704061957452e-06,0,0,11-5364042-G-A
OR51B5,11,5364044,rs777871845,A,T,c.711T>A(p.=),c.711T>A,synonymous_variant,,2,249996,8.000128002048032e-06,0,0,11-5364044-A-T
OR51B5,11,5364047,rs753887613,G,A,c.708C>T(p.=),c.708C>T,synonymous_variant,,1,249896,4.001664692512085e-06,0,0,11-5364047-G-A
OR51B5,11,5364049,rs140543559,G,C,p.Leu236Val,c.706C>G,missense_variant,,634,249908,0.0025369335915616945,1,0,11-5364049-G-C
OR51B5,11,5364052,rs778970017,C,T,p.Ala235Thr,c.703G>A,missense_variant,,1,249798,4.003234613567763e-06,0,0,11-5364052-C-T
OR51B5,11,5364055,rs1476216356,T,G,p.Lys234Gln,c.700A>C,missense_variant,,1,249980,4.000320025602048e-06,0,0,11-5364055-T-G
OR51B5,11,5364058,rs746159616,C,T,p.Ala233Thr,c.697G>A,missense_variant,,5,249876,2.000992492276169e-05,0,0,11-5364058-C-T
OR51B5,11,5364061,rs769560014,TCTC,T,p.Glu231del,c.691_693delGAG,inframe_deletion,,18,250048,7.19861786536985e-05,0,0,11-5364061-TCTC-T
OR51B5,11,5364062,rs376138898,C,T,c.693G>A(p.=),c.693G>A,synonymous_variant,,69,250038,0.0002759580543757349,0,0,11-5364062-C-T
OR51B5,11,5364064,rs780575607,C,A,p.Glu231Ter,c.691G>T,stop_gained,lof_flag,1,250074,3.998816350360293e-06,0,0,11-5364064-C-A
OR51B5,11,5364065,rs747449913,C,T,c.690G>A(p.=),c.690G>A,synonymous_variant,,1,250034,3.9994560739739394e-06,0,0,11-5364065-C-T
OR51B5,11,5364065,rs747449913,C,CTCTCTGGAGGCAATGCTCAGGACAGTCT,p.Glu231AspfsTer70,c.662_689dupAGACTGTCCTGAGCATTGCCTCCAGAGA,frameshift_variant,lof_flag,2,250034,7.998912147947879e-06,0,0,11-5364065-C-CTCTCTGGAGGCAATGCTCAGGACAGTCT
OR51B5,11,5364072,rs1356057578,G,A,p.Ser228Phe,c.683C>T,missense_variant,,1,250098,3.998432614415149e-06,0,0,11-5364072-G-A
OR51B5,11,5364073,rs769072418,A,G,p.Ser228Pro,c.682T>C,missense_variant,,1,250096,3.9984645895975946e-06,0,0,11-5364073-A-G
OR51B5,11,5364075,rs371637413,G,A,p.Ala227Val,c.680C>T,missense_variant,,31,250040,0.00012398016317389217,0,0,11-5364075-G-A
OR51B5,11,5364076,rs1175577191,C,T,p.Ala227Thr,c.679G>A,missense_variant,,1,250026,3.999584043259501e-06,0,0,11-5364076-C-T
OR51B5,11,5364078,,A,G,p.Ile226Thr,c.677T>C,missense_variant,,1,250140,3.997761253697929e-06,0,0,11-5364078-A-G
OR51B5,11,5364080,rs1234543474,G,T,p.Ser225Arg,c.675C>A,missense_variant,,0,250058,0,0,0,11-5364080-G-T
OR51B5,11,5364082,rs558030856,T,C,p.Ser225Gly,c.673A>G,missense_variant,,1,250086,3.9986244731812255e-06,0,0,11-5364082-T-C
OR51B5,11,5364089,rs373947408,A,G,c.666T>C(p.=),c.666T>C,synonymous_variant,,1,250070,3.998880313512217e-06,0,0,11-5364089-A-G
OR51B5,11,5364090,rs1026402199,G,C,p.Thr222Ser,c.665C>G,missense_variant,,1,250050,3.999200159968006e-06,0,0,11-5364090-G-C
OR51B5,11,5364091,rs770544493,T,C,p.Thr222Ala,c.664A>G,missense_variant,,9,250060,3.599136207310246e-05,1,0,11-5364091-T-C
OR51B5,11,5364095,rs1441018677,G,C,c.660C>G(p.=),c.660C>G,synonymous_variant,,1,250048,3.999232147427694e-06,0,0,11-5364095-G-C
OR51B5,11,5364097,rs7120319,G,A,p.Leu220Phe,c.658C>T,missense_variant,,3823,250018,0.015290899055268021,356,0,11-5364097-G-A
OR51B5,11,5364105,rs773250210,A,AC,p.Val217GlyfsTer75,c.649dupG,frameshift_variant,lof_flag,1,250058,3.999072215246063e-06,0,0,11-5364105-A-AC
OR51B5,11,5364107,rs1486696405,A,G,c.648T>C(p.=),c.648T>C,synonymous_variant,,1,250060,3.999040230344718e-06,0,0,11-5364107-A-G
OR51B5,11,5364108,rs759204263,T,C,p.Tyr216Cys,c.647A>G,missense_variant,,11,250076,4.398662806506822e-05,0,0,11-5364108-T-C
OR51B5,11,5364111,rs767233055,G,A,p.Ser215Phe,c.644C>T,missense_variant,,2,250034,7.998912147947879e-06,0,0,11-5364111-G-A
OR51B5,11,5364113,rs775295715,G,A,c.642C>T(p.=),c.642C>T,synonymous_variant,,1,250044,3.999296123882197e-06,0,0,11-5364113-G-A
OR51B5,11,5364115,rs1169835954,T,G,p.Ile214Leu,c.640A>C,missense_variant,,2,250072,7.997696663360953e-06,0,0,11-5364115-T-G
OR51B5,11,5364117,rs775266097,AAGATAATC,A,p.Ile211HisfsTer78,c.630_637delGATTATCT,frameshift_variant,lof_flag,11,250108,4.3981000207910184e-05,0,0,11-5364117-AAGATAATC-A
OR51B5,11,5364119,rs766185385,GATAATC,G,p.Ile211_Ile212del,c.630_635delGATTAT,inframe_deletion,,1,250000,4e-06,0,0,11-5364119-GATAATC-G
OR51B5,11,5364121,rs1333461298,T,TAATC,p.Ile212AspfsTer81,c.630_633dupGATT,frameshift_variant,lof_flag,1,250008,3.999872004095869e-06,0,0,11-5364121-T-TAATC
OR51B5,11,5364125,rs1375921692,C,G,c.630G>C(p.=),c.630G>C,synonymous_variant,,0,250094,0,0,0,11-5364125-C-G
OR51B5,11,5364128,rs760613476,A,G,c.627T>C(p.=),c.627T>C,synonymous_variant,,1,250164,3.997377720215538e-06,0,0,11-5364128-A-G
OR51B5,11,5364133,rs374152145,C,A,p.Asp208Tyr,c.622G>T,missense_variant,,1,250178,3.997154026333251e-06,0,0,11-5364133-C-A
OR51B5,11,5364135,rs753852259,A,G,p.Leu207Pro,c.620T>C,missense_variant,,1,250218,3.996515038886092e-06,0,0,11-5364135-A-G
OR51B5,11,5364135,rs753852259,AG,A,p.Leu207TrpfsTer4,c.619delC,frameshift_variant,lof_flag,5,250218,1.9982575194430456e-05,0,0,11-5364135-AG-A
OR51B5,11,5364136,rs140365125,G,A,c.619C>T(p.=),c.619C>T,synonymous_variant,,3,250196,1.1990599370093847e-05,0,0,11-5364136-G-A
OR51B5,11,5364137,rs765470838,C,A,c.618G>T(p.=),c.618G>T,synonymous_variant,,1,250212,3.996610873978866e-06,0,0,11-5364137-C-A
OR51B5,11,5364140,rs1431063201,A,G,c.615T>C(p.=),c.615T>C,synonymous_variant,,1,250266,3.99574852357092e-06,0,0,11-5364140-A-G
OR51B5,11,5364145,rs1409630844,T,TAAAG,p.Ile204LeufsTer89,c.606_609dupCTTT,frameshift_variant,lof_flag,1,250348,3.9944397398820845e-06,0,0,11-5364145-T-TAAAG
OR51B5,11,5364146,rs758694170,A,T,p.Phe203Leu,c.609T>A,missense_variant,,1,250362,3.994216374689449e-06,0,0,11-5364146-A-T
OR51B5,11,5364149,rs1218969554,G,T,c.606C>A(p.=),c.606C>A,synonymous_variant,,1,250392,3.993737819099651e-06,0,0,11-5364149-G-T
OR51B5,11,5364150,rs763132943,A,G,p.Val202Ala,c.605T>C,missense_variant,,2,250414,7.986773902417596e-06,0,0,11-5364150-A-G
OR51B5,11,5364150,rs763132943,A,T,p.Val202Asp,c.605T>A,missense_variant,,1,250414,3.993386951208798e-06,0,0,11-5364150-A-T
OR51B5,11,5364156,rs1350752391,A,C,p.Leu200Arg,c.599T>G,missense_variant,,2,250480,7.984669434685405e-06,0,0,11-5364156-A-C
OR51B5,11,5364159,rs759164332,A,ACAGC,p.Val199GlyfsTer94,c.592_595dupGCTG,frameshift_variant,lof_flag,1,250468,3.992525991344204e-06,0,0,11-5364159-A-ACAGC
OR51B5,11,5364174,rs61743611,C,T,p.Arg194Gln,c.581G>A,missense_variant,,175,250518,0.0006985525990148413,0,0,11-5364174-C-T
OR51B5,11,5364175,rs112127098,G,A,p.Arg194Ter,c.580C>T,stop_gained,lof_flag,18,250534,7.18465357995322e-05,0,0,11-5364175-G-A
OR51B5,11,5364176,rs755417284,G,T,p.Asn193Lys,c.579C>A,missense_variant,,1,250602,3.99039113813936e-06,0,0,11-5364176-G-T
OR51B5,11,5364182,rs1195624746,G,A,c.573C>T(p.=),c.573C>T,synonymous_variant,,1,250602,3.99039113813936e-06,0,0,11-5364182-G-A
OR51B5,11,5364183,rs201129188,G,A,p.Thr191Ile,c.572C>T,missense_variant,,1,250614,3.990200068631441e-06,0,0,11-5364183-G-A
OR51B5,11,5364184,rs1476920196,T,C,p.Thr191Ala,c.571A>G,missense_variant,,1,250582,3.990709627986049e-06,0,0,11-5364184-T-C
OR51B5,11,5364186,rs774692883,G,A,p.Thr190Ile,c.569C>T,missense_variant,,0,250606,0,0,0,11-5364186-G-A
OR51B5,11,5364188,rs1395446798,A,G,c.567T>C(p.=),c.567T>C,synonymous_variant,,0,250650,0,0,0,11-5364188-A-G
OR51B5,11,5364190,rs748750375,C,T,p.Asp189Asn,c.565G>A,missense_variant,,1,250642,3.989754310929533e-06,0,0,11-5364190-C-T
OR51B5,11,5364192,rs201564679,G,A,p.Ala188Val,c.563C>T,missense_variant,,1,250618,3.9901363828615665e-06,0,0,11-5364192-G-A
OR51B5,11,5364195,rs773857233,C,T,p.Cys187Tyr,c.560G>A,missense_variant,,1,250640,3.989786147462496e-06,0,0,11-5364195-C-T
OR51B5,11,5364198,rs745482941,G,A,p.Ala186Val,c.557C>T,missense_variant,,1,250644,3.989722474904646e-06,0,0,11-5364198-G-A
OR51B5,11,5364199,rs771737118,C,T,p.Ala186Thr,c.556G>A,missense_variant,,12,250632,4.787896198410418e-05,0,0,11-5364199-C-T
OR51B5,11,5364200,rs775172979,G,A,c.555C>T(p.=),c.555C>T,synonymous_variant,,11,250646,4.388659703326604e-05,0,0,11-5364200-G-A
OR51B5,11,5364204,rs760354787,T,G,p.Lys184Thr,c.551A>C,missense_variant,,2,250668,7.978680964462955e-06,0,0,11-5364204-T-G
OR51B5,11,5364207,rs202021286,A,G,p.Ile183Thr,c.548T>C,missense_variant,,80,250654,0.00031916506419207353,1,0,11-5364207-A-G
OR51B5,11,5364214,rs776418692,C,T,p.Asp181Asn,c.541G>A,missense_variant,,1,250602,3.99039113813936e-06,0,0,11-5364214-C-T
OR51B5,11,5364216,rs761823219,T,C,p.Gln180Arg,c.539A>G,missense_variant,,1,250572,3.990868891975161e-06,0,0,11-5364216-T-C
OR51B5,11,5364217,rs1285870851,G,A,p.Gln180Ter,c.538C>T,stop_gained,lof_flag,3,250550,1.197365795250449e-05,0,0,11-5364217-G-A
OR51B5,11,5364218,rs150082635,G,C,p.His179Gln,c.537C>G,missense_variant,,1,250560,3.991060025542785e-06,0,0,11-5364218-G-C
OR51B5,11,5364218,rs150082635,G,T,p.His179Gln,c.537C>A,missense_variant,,1,250560,3.991060025542785e-06,0,0,11-5364218-G-T
OR51B5,11,5364220,rs150463706,G,A,p.His179Tyr,c.535C>T,missense_variant,,432,250536,0.0017243030941661078,2,0,11-5364220-G-A
OR51B5,11,5364223,rs758642734,G,A,p.Leu178Phe,c.532C>T,missense_variant,,2,250518,7.983458274455328e-06,0,0,11-5364223-G-A
OR51B5,11,5364226,rs766682636,A,G,p.Cys177Arg,c.529T>C,missense_variant,,1,250538,3.991410484637061e-06,0,0,11-5364226-A-G
OR51B5,11,5364227,rs751879081,G,C,p.Phe176Leu,c.528C>G,missense_variant,,1,250458,3.992685400346565e-06,0,0,11-5364227-G-C
OR51B5,11,5364229,rs755287458,A,C,p.Phe176Val,c.526T>G,missense_variant,,2,250478,7.984733190140452e-06,0,0,11-5364229-A-C
OR51B5,11,5364235,rs1455407182,G,A,p.His174Tyr,c.520C>T,missense_variant,,1,250414,3.993386951208798e-06,0,0,11-5364235-G-A
OR51B5,11,5364241,rs781633652,G,A,p.Leu172Phe,c.514C>T,missense_variant,,2,250302,7.990347660026688e-06,0,0,11-5364241-G-A
OR51B5,11,5364241,rs781633652,G,T,p.Leu172Ile,c.514C>A,missense_variant,,6,250302,2.3971042980080064e-05,0,0,11-5364241-G-T
OR51B5,11,5364246,rs761938450,T,C,p.His170Arg,c.509A>G,missense_variant,,2,250260,7.991688643810437e-06,0,0,11-5364246-T-C
OR51B5,11,5364246,rs761938450,T,TG,p.His170ProfsTer15,c.508dupC,frameshift_variant,lof_flag,1,250260,3.995844321905218e-06,0,0,11-5364246-T-TG
OR51B5,11,5364247,rs1379574719,G,T,p.His170Asn,c.508C>A,missense_variant,,0,250208,0,0,0,11-5364247-G-T
OR51B5,11,5364255,rs1453862473,C,T,p.Cys167Tyr,c.500G>A,missense_variant,,1,249982,4.000288020737493e-06,0,0,11-5364255-C-T
OR51B5,11,5364255,rs1453862473,C,A,p.Cys167Phe,c.500G>T,missense_variant,,0,249982,0,0,0,11-5364255-C-A
OR51B5,11,5364257,rs1159850905,A,C,p.Tyr166Ter,c.498T>G,stop_gained,lof_flag,3,249976,1.2001152110602618e-05,0,0,11-5364257-A-C
OR51B5,11,5364258,rs753082360,T,C,p.Tyr166Cys,c.497A>G,missense_variant,,1,249938,4.000992246077027e-06,0,0,11-5364258-T-C
OR51B5,11,5364261,rs756676634,A,G,p.Leu165Pro,c.494T>C,missense_variant,,1,249862,4.002209219489158e-06,0,0,11-5364261-A-G
OR51B5,11,5364262,rs764833207,G,GA,p.Leu165SerfsTer20,c.492dupT,frameshift_variant,lof_flag,41,249602,0.00016426150431486926,0,0,11-5364262-G-GA
OR51B5,11,5364262,rs764833207,G,GAAAAAAATAGAGGGGCCTGAT,p.Ile158_Phe164dup,c.472_492dupATCAGGCCCCTCTATTTTTTT,inframe_insertion,,1,249602,4.006378154021202e-06,0,0,11-5364262-G-GAAAAAAATAGAGGGGCCTGAT
OR51B5,11,5364262,rs764833207,GA,G,p.Leu165CysfsTer37,c.492delT,frameshift_variant,lof_flag,1,249602,4.006378154021202e-06,0,0,11-5364262-GA-G
OR51B5,11,5364267,rs1326134633,A,T,p.Phe163Tyr,c.488T>A,missense_variant,,1,249932,4.001088296016517e-06,0,0,11-5364267-A-T
OR51B5,11,5364270,rs562604448,T,C,p.Tyr162Cys,c.485A>G,missense_variant,,2,249818,8.005828242960876e-06,0,0,11-5364270-T-C
OR51B5,11,5364272,rs1444973896,G,C,c.483C>G(p.=),c.483C>G,synonymous_variant,,1,249844,4.002497558476489e-06,0,0,11-5364272-G-C
OR51B5,11,5364274,rs1309175057,G,A,p.Leu161Phe,c.481C>T,missense_variant,,1,249874,4.002017016576354e-06,0,0,11-5364274-G-A
OR51B5,11,5364275,rs745362841,G,A,c.480C>T(p.=),c.480C>T,synonymous_variant,mnv,1,249864,4.002177184388308e-06,0,0,11-5364275-G-A
OR51B5,11,5364276,rs4910551,G,A,p.Pro160Leu,c.479C>T,missense_variant,mnv,102054,249600,0.4088701923076923,21940,0,11-5364276-G-A
OR51B5,11,5364277,rs201073099,G,A,p.Pro160Ser,c.478C>T,missense_variant,mnv,39,249780,0.00015613740091280327,1,0,11-5364277-G-A
OR51B5,11,5364278,rs146969859,C,G,p.Arg159Ser,c.477G>C,missense_variant,,1,249812,4.003010263718316e-06,0,0,11-5364278-C-G
OR51B5,11,5364279,rs757882622,C,CTGAT,p.Arg159AsnfsTer27,c.472_475dupATCA,frameshift_variant,lof_flag,1,249850,4.002401440864518e-06,0,0,11-5364279-C-CTGAT
OR51B5,11,5364283,rs368247281,T,C,p.Ile158Val,c.472A>G,missense_variant,,6,249906,2.4009027394300258e-05,0,0,11-5364283-T-C
OR51B5,11,5364287,rs776489488,G,A,c.468C>T(p.=),c.468C>T,synonymous_variant,,8,249758,3.203100601382138e-05,0,0,11-5364287-G-A
OR51B5,11,5364294,,A,G,p.Val154Ala,c.461T>C,missense_variant,,1,249902,4.00156861489704e-06,0,0,11-5364294-A-G
OR51B5,11,5364295,rs12273630,C,T,p.Val154Ile,c.460G>A,missense_variant,,13487,249776,0.053996380757158416,832,0,11-5364295-C-T
OR51B5,11,5364296,rs62000378,G,A,c.459C>T(p.=),c.459C>T,synonymous_variant,,4,249802,1.601268204417899e-05,0,0,11-5364296-G-A
OR51B5,11,5364296,rs62000378,G,C,c.459C>G(p.=),c.459C>G,synonymous_variant,,250,249802,0.001000792627761187,2,0,11-5364296-G-C
OR51B5,11,5364299,rs1419667888,T,A,c.456A>T(p.=),c.456A>T,synonymous_variant,,2,249912,8.002816991581037e-06,0,0,11-5364299-T-A
OR51B5,11,5364305,rs144822012,T,C,c.450A>G(p.=),c.450A>G,synonymous_variant,,257,249844,0.0010286418725284577,2,0,11-5364305-T-C
OR51B5,11,5364309,rs201624543,C,G,p.Arg149Thr,c.446G>C,missense_variant,,1,249670,4.005286978812032e-06,0,0,11-5364309-C-G
OR51B5,11,5364311,rs1472149804,C,A,p.Met148Ile,c.444G>T,missense_variant,,0,249734,0,0,0,11-5364311-C-A
OR51B5,11,5364314,rs766627260,C,T,c.441G>A(p.=),c.441G>A,synonymous_variant,,5,249648,2.00281997051849e-05,0,0,11-5364314-C-T
OR51B5,11,5364321,rs148591287,C,G,p.Gly145Ala,c.434G>C,missense_variant,,13,249710,5.206039005246086e-05,0,0,11-5364321-C-G
OR51B5,11,5364325,rs759813936,G,T,p.Leu144Met,c.430C>A,missense_variant,,1,249672,4.005254894421481e-06,0,0,11-5364325-G-T
OR51B5,11,5364326,rs1331167967,C,T,c.429G>A(p.=),c.429G>A,synonymous_variant,,1,249582,4.006699201064179e-06,0,0,11-5364326-C-T
OR51B5,11,5364329,rs1397653107,A,C,p.Ile142Met,c.426T>G,missense_variant,,1,249750,4.004004004004004e-06,0,0,11-5364329-A-C
OR51B5,11,5364339,rs767734992,A,C,p.Val139Gly,c.416T>G,missense_variant,,10,249746,4.004068133223355e-05,0,0,11-5364339-A-C
OR51B5,11,5364340,rs753127805,C,T,p.Val139Ile,c.415G>A,missense_variant,,1,249700,4.004805766920304e-06,0,0,11-5364340-C-T
OR51B5,11,5364342,rs547271833,C,T,p.Arg138Gln,c.413G>A,missense_variant,,18,249594,7.211711819995673e-05,1,0,11-5364342-C-T
OR51B5,11,5364342,rs547271833,C,A,p.Arg138Leu,c.413G>T,missense_variant,,1,249594,4.006506566664263e-06,0,0,11-5364342-C-A
OR51B5,11,5364343,rs200158892,G,A,p.Arg138Ter,c.412C>T,stop_gained,lof_flag,23,249664,9.212381440656242e-05,0,0,11-5364343-G-A
OR51B5,11,5364345,rs777307011,G,GTATT,p.Thr137LysfsTer49,c.406_409dupAATA,frameshift_variant,lof_flag,1,249762,4.003811628670494e-06,0,0,11-5364345-G-GTATT
OR51B5,11,5364351,rs890847317,G,A,p.Thr135Ile,c.404C>T,missense_variant,,1,249882,4.001888891556815e-06,0,0,11-5364351-G-A
OR51B5,11,5364355,rs750927382,G,T,p.Leu134Ile,c.400C>A,missense_variant,,1,250026,3.999584043259501e-06,0,0,11-5364355-G-T
OR51B5,11,5364355,rs750927382,GTACAGAGGTATA,G,p.Tyr130_Val133del,c.388_399delTATACCTCTGTA,inframe_deletion,,2,250026,7.999168086519002e-06,0,0,11-5364355-GTACAGAGGTATA-G
OR51B5,11,5364358,rs1250585720,C,T,p.Val133Ile,c.397G>A,missense_variant,,2,249994,8.00019200460811e-06,0,0,11-5364358-C-T
OR51B5,11,5364358,rs1250585720,C,G,p.Val133Leu,c.397G>C,missense_variant,,1,249994,4.000096002304055e-06,0,0,11-5364358-C-G
OR51B5,11,5364360,rs1480822196,G,C,p.Ser132Cys,c.395C>G,missense_variant,,1,250122,3.99804895211137e-06,0,0,11-5364360-G-C
OR51B5,11,5364362,rs372155794,G,C,c.393C>G(p.=),c.393C>G,synonymous_variant,,3,250148,1.1992900203079776e-05,0,0,11-5364362-G-C
OR51B5,11,5364362,rs372155794,GGT,G,p.Thr131LeufsTer5,c.391_392delAC,frameshift_variant,lof_flag,1,250148,3.997633401026593e-06,0,0,11-5364362-GGT-G
OR51B5,11,5364364,rs756625882,T,TATATCTAAG,p.Leu128_Tyr130dup,c.382_390dupCTTAGATAT,inframe_insertion,,1,250028,3.999552050170381e-06,0,0,11-5364364-T-TATATCTAAG
OR51B5,11,5364365,rs375256381,A,G,c.390T>C(p.=),c.390T>C,synonymous_variant,,1,250148,3.997633401026593e-06,0,0,11-5364365-A-G
OR51B5,11,5364372,rs768382954,A,G,p.Leu128Pro,c.383T>C,missense_variant,,1,250202,3.996770609347647e-06,0,0,11-5364372-A-G
OR51B5,11,5364376,rs780796839,G,C,p.Pro127Ala,c.379C>G,missense_variant,,3,250190,1.1990886925936288e-05,0,0,11-5364376-G-C
OR51B5,11,5364379,rs1187975536,T,A,p.Asn126Tyr,c.376A>T,missense_variant,,1,250264,3.9957804558386345e-06,0,0,11-5364379-T-A
OR51B5,11,5364380,rs747951054,G,A,c.375C>T(p.=),c.375C>T,synonymous_variant,,1,250238,3.996195621768077e-06,0,0,11-5364380-G-A
OR51B5,11,5364383,rs769748864,G,T,c.372C>A(p.=),c.372C>A,synonymous_variant,,1,250278,3.995556940681962e-06,0,0,11-5364383-G-T
OR51B5,11,5364383,rs769748864,G,C,p.Ile124Met,c.372C>G,missense_variant,,2,250278,7.991113881363924e-06,0,0,11-5364383-G-C
OR51B5,11,5364384,rs1169478630,A,G,p.Ile124Thr,c.371T>C,missense_variant,,1,250310,3.995046142782949e-06,0,0,11-5364384-A-G
OR51B5,11,5364385,rs762999414,T,C,p.Ile124Val,c.370A>G,missense_variant,,1,250318,3.994918463714156e-06,0,0,11-5364385-T-C
OR51B5,11,5364386,rs535494155,G,A,c.369C>T(p.=),c.369C>T,synonymous_variant,,2,250270,7.991369321133177e-06,0,0,11-5364386-G-A
OR51B5,11,5364387,rs780398604,GCAATAAAACGGTC,G,p.Asp119ProfsTer17,c.355_367delGACCGTTTTATTG,frameshift_variant,lof_flag,5,250196,1.9984332283489746e-05,0,0,11-5364387-GCAATAAAACGGTC-G
OR51B5,11,5364391,rs750445810,T,C,p.Ile122Val,c.364A>G,missense_variant,,1,250260,3.995844321905218e-06,0,0,11-5364391-T-C
OR51B5,11,5364393,rs1415493321,A,C,p.Phe121Cys,c.362T>G,missense_variant,,1,250274,3.995620799603635e-06,0,0,11-5364393-A-C
OR51B5,11,5364396,rs369290068,C,T,p.Arg120His,c.359G>A,missense_variant,,29,250174,0.0001159193201531734,0,0,11-5364396-C-T
OR51B5,11,5364397,rs759629189,G,A,p.Arg120Cys,c.358C>T,missense_variant,,3,250230,1.1988970147464333e-05,0,0,11-5364397-G-A
OR51B5,11,5364400,rs757980178,C,G,p.Asp119His,c.355G>C,missense_variant,,1,250316,3.9949503827162465e-06,0,0,11-5364400-C-G
OR51B5,11,5364401,rs1296498422,A,ATAGGCCATGG,p.Asp119HisfsTer4,c.344_353dupCCATGGCCTA,frameshift_variant,lof_flag,1,250328,3.994758876354223e-06,0,0,11-5364401-A-ATAGGCCATGG
OR51B5,11,5364409,rs142022575,T,C,p.Met116Val,c.346A>G,missense_variant,,3,250374,1.1982074816075152e-05,0,0,11-5364409-T-C
OR51B5,11,5364416,rs1229250676,C,T,c.339G>A(p.=),c.339G>A,synonymous_variant,,2,250294,7.990603050812245e-06,0,0,11-5364416-C-T
OR51B5,11,5364417,rs372645770,A,G,p.Leu113Pro,c.338T>C,missense_variant,,9,250384,3.594478880439645e-05,0,0,11-5364417-A-G
OR51B5,11,5364421,rs375765354,T,C,p.Ile112Val,c.334A>G,missense_variant,,3,250388,1.1981404859657812e-05,0,0,11-5364421-T-C
OR51B5,11,5364422,,G,A,c.333C>T(p.=),c.333C>T,synonymous_variant,,0,250348,0,0,0,11-5364422-G-A
OR51B5,11,5364423,rs763380951,CCA,C,p.Gly111HisfsTer8,c.330_331delTG,frameshift_variant,lof_flag,11,250288,4.394937032538515e-05,0,0,11-5364423-CCA-C
OR51B5,11,5364424,rs1259055541,C,T,p.Gly111Ser,c.331G>A,missense_variant,,1,250360,3.994248282473238e-06,0,0,11-5364424-C-T
OR51B5,11,5364426,rs754284076,G,A,p.Ser110Phe,c.329C>T,missense_variant,,1,250332,3.9946950449802664e-06,0,0,11-5364426-G-A
OR51B5,11,5364430,rs757765819,CG,C,p.Glu109SerfsTer31,c.324delC,frameshift_variant,lof_flag,1,250378,3.993961130770275e-06,0,0,11-5364430-CG-C
OR51B5,11,5364430,rs757765819,C,G,p.Glu109Gln,c.325G>C,missense_variant,,1,250378,3.993961130770275e-06,0,0,11-5364430-C-G
OR51B5,11,5364431,rs58233587,G,A,c.324C>T(p.=),c.324C>T,synonymous_variant,mnv,13522,250268,0.05403007975450317,830,0,11-5364431-G-A
OR51B5,11,5364431,rs58233587,G,T,c.324C>A(p.=),c.324C>A,synonymous_variant,,1,250268,3.9957165918135754e-06,0,0,11-5364431-G-T
OR51B5,11,5364432,rs115116675,A,G,p.Leu108Pro,c.323T>C,missense_variant,mnv,47,250396,0.00018770267895653285,0,0,11-5364432-A-G
OR51B5,11,5364433,rs977911839,G,GA,p.Leu108SerfsTer12,c.321dupT,frameshift_variant,lof_flag,1,250394,3.9937059194709134e-06,0,0,11-5364433-G-GA
OR51B5,11,5364436,rs1197134244,AG,A,p.Leu108SerfsTer32,c.318delC,frameshift_variant,lof_flag,3,250456,1.1978151851023732e-05,1,0,11-5364436-AG-A
OR51B5,11,5364437,rs780862846,G,C,c.318C>G(p.=),c.318C>G,synonymous_variant,,1,250446,3.992876707953012e-06,0,0,11-5364437-G-C
OR51B5,11,5364438,rs1435926857,G,C,p.Ser106Cys,c.317C>G,missense_variant,,1,250442,3.992940481229187e-06,0,0,11-5364438-G-C
OR51B5,11,5364439,rs1176050342,A,G,p.Ser106Pro,c.316T>C,missense_variant,,1,250478,3.992366595070226e-06,0,0,11-5364439-A-G
OR51B5,11,5364448,rs143689320,G,A,p.His103Tyr,c.307C>T,missense_variant,,2,250440,7.985944737262418e-06,0,0,11-5364448-G-A
OR51B5,11,5364450,rs11036912,A,G,p.Ile102Thr,c.305T>C,missense_variant,,102481,250146,0.4096847441094401,22061,0,11-5364450-A-G
OR51B5,11,5364455,rs1289670941,G,A,c.300C>T(p.=),c.300C>T,synonymous_variant,,1,250480,3.992334717342702e-06,0,0,11-5364455-G-A
OR51B5,11,5364459,rs1364277678,G,A,p.Ala99Val,c.296C>T,missense_variant,,1,250480,3.992334717342702e-06,0,0,11-5364459-G-A
OR51B5,11,5364460,rs1385293473,C,T,p.Ala99Thr,c.295G>A,missense_variant,,1,250462,3.992621635218117e-06,0,0,11-5364460-C-T
OR51B5,11,5364461,rs1299006975,CT,C,p.Gln98ArgfsTer42,c.293delA,frameshift_variant,lof_flag,1,250488,3.992207211523107e-06,0,0,11-5364461-CT-C
OR51B5,11,5364463,rs139260852,G,A,p.Gln98Ter,c.292C>T,stop_gained,lof_flag,100,250426,0.000399319559470662,0,0,11-5364463-G-A
OR51B5,11,5364465,rs533818406,G,A,p.Ser97Phe,c.290C>T,missense_variant,,1,250400,3.993610223642173e-06,0,0,11-5364465-G-A
OR51B5,11,5364466,rs1282319625,A,G,p.Ser97Pro,c.289T>C,missense_variant,,1,250446,3.992876707953012e-06,0,0,11-5364466-A-G
OR51B5,11,5364470,rs771019204,G,T,p.Cys95Ter,c.285C>A,stop_gained,lof_flag,1,250376,3.993993034476148e-06,0,0,11-5364470-G-T
OR51B5,11,5364470,rs771019204,G,C,p.Cys95Trp,c.285C>G,missense_variant,,1,250376,3.993993034476148e-06,0,0,11-5364470-G-C
OR51B5,11,5364471,rs61738484,C,A,p.Cys95Phe,c.284G>T,missense_variant,,2,250354,7.988688017766842e-06,0,0,11-5364471-C-A
OR51B5,11,5364471,rs61738484,C,G,p.Cys95Ser,c.284G>C,missense_variant,,747,250354,0.0029837749746359156,8,0,11-5364471-C-G
OR51B5,11,5364471,rs61738484,C,T,p.Cys95Tyr,c.284G>A,missense_variant,,14,250354,5.5920816124367895e-05,0,0,11-5364471-C-T
OR51B5,11,5364472,rs1260963763,AG,A,p.Cys95AlafsTer45,c.282delC,frameshift_variant,lof_flag,1,250334,3.994663130058242e-06,0,0,11-5364472-AG-A
OR51B5,11,5364473,rs1486677308,G,A,c.282C>T(p.=),c.282C>T,synonymous_variant,,1,250366,3.994152560651206e-06,0,0,11-5364473-G-A
OR51B5,11,5364475,rs910924822,C,A,p.Ala94Ser,c.280G>T,missense_variant,,1,250168,3.997313805122958e-06,0,0,11-5364475-C-A
OR51B5,11,5364476,rs61738485,C,T,c.279G>A(p.=),c.279G>A,synonymous_variant,mnv,13575,250042,0.05429087913230577,845,0,11-5364476-C-T
OR51B5,11,5364477,rs760899084,G,A,p.Ala93Val,c.278C>T,missense_variant,,16,250094,6.397594504466321e-05,0,0,11-5364477-G-A
OR51B5,11,5364478,rs562565107,C,T,p.Ala93Thr,c.277G>A,missense_variant,mnv,1,250162,3.997409678528314e-06,0,0,11-5364478-C-T
OR51B5,11,5364480,rs777010966,C,A,p.Ser92Ile,c.275G>T,missense_variant,,1,250062,3.999008245955003e-06,0,0,11-5364480-C-A
OR51B5,11,5364483,rs762254800,C,T,p.Gly91Glu,c.272G>A,missense_variant,,42,250128,0.00016791402801765497,1,0,11-5364483-C-T
OR51B5,11,5364485,rs765748510,A,G,c.270T>C(p.=),c.270T>C,synonymous_variant,,4,250116,1.5992579443138384e-05,0,0,11-5364485-A-G
OR51B5,11,5364486,rs1456620823,A,G,p.Ile90Thr,c.269T>C,missense_variant,,1,250072,3.9988483316804764e-06,0,0,11-5364486-A-G
OR51B5,11,5364488,rs750930583,C,G,p.Glu89Asp,c.267G>C,missense_variant,,1,249908,4.001472541895417e-06,0,0,11-5364488-C-G
OR51B5,11,5364489,rs754503533,T,G,p.Glu89Ala,c.266A>C,missense_variant,,2,249854,8.004674730042344e-06,0,0,11-5364489-T-G
OR51B5,11,5364490,rs1441314371,C,T,p.Glu89Lys,c.265G>A,missense_variant,,1,249864,4.002177184388308e-06,0,0,11-5364490-C-T
OR51B5,11,5364492,rs1305545871,C,T,p.Arg88Lys,c.263G>A,missense_variant,,1,249780,4.003523100328289e-06,0,0,11-5364492-C-T
OR51B5,11,5364493,rs57900141,T,C,p.Arg88Gly,c.262A>G,missense_variant,,14115,249686,0.05653100293969225,927,0,11-5364493-T-C
OR51B5,11,5364494,rs752333713,G,A,c.261C>T(p.=),c.261C>T,synonymous_variant,,1,249846,4.0024655187595555e-06,0,0,11-5364494-G-A
OR51B5,11,5364499,rs199539939,C,G,p.Asp86His,c.256G>C,missense_variant,,5,249550,2.003606491685033e-05,0,0,11-5364499-C-G
OR51B5,11,5364500,rs777666122,C,T,c.255G>A(p.=),c.255G>A,synonymous_variant,,1,249404,4.009558788150952e-06,0,0,11-5364500-C-T
OR51B5,11,5364502,rs1218953607,G,A,c.253C>T(p.=),c.253C>T,synonymous_variant,,1,249440,4.008980115458628e-06,0,0,11-5364502-G-A
OR51B5,11,5364503,rs142870806,C,A,p.Trp84Cys,c.252G>T,missense_variant,,426,249094,0.0017101977566701728,2,0,11-5364503-C-A
OR51B5,11,5364504,rs1469189988,C,T,p.Trp84Ter,c.251G>A,stop_gained,lof_flag,1,249250,4.012036108324975e-06,0,0,11-5364504-C-T
OR51B5,11,5364515,rs757043822,C,T,c.240G>A(p.=),c.240G>A,synonymous_variant,,1,248584,4.0227850545489655e-06,0,0,11-5364515-C-T
OR51B5,11,5364521,rs369884002,C,T,c.234G>A(p.=),c.234G>A,synonymous_variant,,5,248110,2.0152351779452664e-05,0,0,11-5364521-C-T
OR51B5,11,5364522,rs57273781,G,A,p.Thr78Met,c.233C>T,missense_variant,,61,247550,0.00024641486568370026,0,0,11-5364522-G-A
OR51B5,11,5364522,rs57273781,G,T,p.Thr78Lys,c.233C>A,missense_variant,,13399,247550,0.05412643910321147,826,0,11-5364522-G-T
OR51B5,11,5364524,rs1033766836,G,A,c.231C>T(p.=),c.231C>T,synonymous_variant,,1,248006,4.032160512245672e-06,0,0,11-5364524-G-A
OR51B5,11,5364525,rs1410322622,G,C,p.Pro77Arg,c.230C>G,missense_variant,,1,248166,4.0295608584576456e-06,0,0,11-5364525-G-C
OR51B5,11,5364528,rs370740392,A,G,p.Met76Thr,c.227T>C,missense_variant,,4,248052,1.6125651073162078e-05,0,0,11-5364528-A-G
OR51B5,11,5364529,rs747190967,T,C,p.Met76Val,c.226A>G,missense_variant,,1,248124,4.030242943044607e-06,0,0,11-5364529-T-C
OR51B5,11,5364530,rs768873754,T,A,c.225A>T(p.=),c.225A>T,synonymous_variant,,1,247976,4.03264832080524e-06,0,0,11-5364530-T-A
OR51B5,11,5364530,rs768873754,T,TG,p.Met76AsnfsTer44,c.224dupC,frameshift_variant,lof_flag,5,247976,2.0163241604026197e-05,0,0,11-5364530-T-TG
OR51B5,11,5364531,rs768887615,G,A,p.Thr75Ile,c.224C>T,missense_variant,,2,247904,8.067639086097843e-06,0,0,11-5364531-G-A
OR51B5,11,5364533,rs1013601948,G,A,c.222C>T(p.=),c.222C>T,synonymous_variant,,1,247802,4.03547993962922e-06,0,0,11-5364533-G-A
OR51B5,11,5364540,rs1327743866,G,A,p.Ala72Val,c.215C>T,missense_variant,,0,245888,0,0,0,11-5364540-G-A
OR51B5,11,5364541,rs147062602,CCAGCCCCAGGTCTGTGG,C,p.Ala66GlyfsTer48,c.197_213delCCACAGACCTGGGGCTG,frameshift_variant,lof_flag,10120,246822,0.0410012073478053,289,0,11-5364541-CCAGCCCCAGGTCTGTGG-C
OR51B5,11,5364542,rs776883882,C,T,c.213G>A(p.=),c.213G>A,synonymous_variant,,1,247042,4.047894689971745e-06,0,0,11-5364542-C-T
OR51B5,11,5364544,rs1298627718,G,T,p.Leu71Met,c.211C>A,missense_variant,,0,247102,0,0,0,11-5364544-G-T
OR51B5,11,5364546,rs762130175,C,A,p.Gly70Val,c.209G>T,missense_variant,,1,247098,4.046977312645185e-06,0,0,11-5364546-C-A
OR51B5,11,5364551,rs546965603,G,A,c.204C>T(p.=),c.204C>T,synonymous_variant,,60,247110,0.0002428068471530897,2,0,11-5364551-G-A
OR51B5,11,5364551,rs546965603,G,C,p.Asp68Glu,c.204C>G,missense_variant,,2,247110,8.093561571769657e-06,0,0,11-5364551-G-C
OR51B5,11,5364552,rs763376441,T,C,p.Asp68Gly,c.203A>G,missense_variant,,2,247222,8.08989491226509e-06,0,0,11-5364552-T-C
OR51B5,11,5364553,rs1335142235,C,T,p.Asp68Asn,c.202G>A,missense_variant,,1,247002,4.048550214168306e-06,0,0,11-5364553-C-T
OR51B5,11,5364557,rs752280674,G,A,c.198C>T(p.=),c.198C>T,synonymous_variant,,2,247158,8.09198973935701e-06,0,0,11-5364557-G-A
OR51B5,11,5364558,rs772270486,G,GT,p.Ala66AspfsTer54,c.196_197insA,frameshift_variant,lof_flag,1,247124,4.046551528787168e-06,0,0,11-5364558-G-GT
OR51B5,11,5364558,rs772270486,GC,G,p.Ala66ProfsTer8,c.196delG,frameshift_variant,lof_flag,2,247124,8.093103057574336e-06,0,0,11-5364558-GC-G
OR51B5,11,5364559,rs760315254,C,T,p.Ala66Thr,c.196G>A,missense_variant,,1,227354,4.398427122461008e-06,0,0,11-5364559-C-T
OR51B5,11,5364560,rs1437591045,A,AGG,p.Ala66LeufsTer9,c.194_195insCC,frameshift_variant,lof_flag,1,248148,4.029853152151136e-06,0,0,11-5364560-A-AGG
OR51B5,11,5364561,rs190441041,G,A,p.Ala65Val,c.194C>T,missense_variant,,32,247766,0.00012915412122728703,0,0,11-5364561-G-A
OR51B5,11,5364565,rs753612799,G,A,c.190C>T(p.=),c.190C>T,synonymous_variant,,5,247180,2.0228173800469293e-05,0,0,11-5364565-G-A
OR51B5,11,5364568,rs1482320761,T,C,p.Met63Val,c.187A>G,missense_variant,,1,247916,4.033624292098937e-06,0,0,11-5364568-T-C
OR51B5,11,5364569,rs757063880,G,A,c.186C>T(p.=),c.186C>T,synonymous_variant,,12,248048,4.837773334193382e-05,0,0,11-5364569-G-A
OR51B5,11,5364573,rs1258303598,A,G,p.Leu61Pro,c.182T>C,missense_variant,,2,248618,8.044469829215905e-06,0,0,11-5364573-A-G
OR51B5,11,5364575,rs773481713,AAAG,A,p.Phe60del,c.177_179delCTT,inframe_deletion,,1,248984,4.016322333965235e-06,0,0,11-5364575-AAAG-A
OR51B5,11,5364576,rs529250070,A,T,p.Phe60Tyr,c.179T>A,missense_variant,,1,249326,4.010813152258489e-06,0,0,11-5364576-A-T
OR51B5,11,5364590,rs1417152828,C,T,c.165G>A(p.=),c.165G>A,synonymous_variant,,1,250328,3.994758876354223e-06,0,0,11-5364590-C-T
OR51B5,11,5364596,rs1409111246,A,AAGATTGTGATCTTCC,p.Glu49_Leu53dup,c.144_158dupGGAAGATCACAATCT,inframe_insertion,,1,250608,3.990295601098129e-06,0,0,11-5364596-A-AAGATTGTGATCTTCC
OR51B5,11,5364597,rs760634386,AGATTGTGATCTTCCTTAATG,A,p.Ile47SerfsTer2,c.138_157delCATTAAGGAAGATCACAATC,frameshift_variant,lof_flag,2,250650,7.979253939756632e-06,0,0,11-5364597-AGATTGTGATCTTCCTTAATG-A
OR51B5,11,5364600,rs571418177,T,C,p.Asn52Ser,c.155A>G,missense_variant,,11,250732,4.38715441188201e-05,0,0,11-5364600-T-C
OR51B5,11,5364604,rs1412842560,G,T,p.His51Asn,c.151C>A,missense_variant,,1,250764,3.987813242730217e-06,0,0,11-5364604-G-T
OR51B5,11,5364606,rs758298388,T,C,p.Asp50Gly,c.149A>G,missense_variant,,1,250800,3.987240829346093e-06,0,0,11-5364606-T-C
OR51B5,11,5364610,rs267602946,C,A,p.Glu49Ter,c.145G>T,stop_gained,lof_flag,1,250776,3.987622420008294e-06,0,0,11-5364610-C-A
OR51B5,11,5364614,rs1416294996,A,C,p.Ile47Met,c.141T>G,missense_variant,,1,250796,3.9873044227180655e-06,0,0,11-5364614-A-C
OR51B5,11,5364617,rs770781282,GAGA,G,p.Leu46del,c.135_137delTCT,inframe_deletion,,10,250796,3.9873044227180657e-05,0,0,11-5364617-GAGA-G
OR51B5,11,5364623,rs957861990,A,G,c.132T>C(p.=),c.132T>C,synonymous_variant,,2,250830,7.973527887413786e-06,0,0,11-5364623-A-G
OR51B5,11,5364623,rs957861990,A,T,c.132T>A(p.=),c.132T>A,synonymous_variant,,1,250830,3.986763943706893e-06,0,0,11-5364623-A-T
OR51B5,11,5364626,rs201816284,G,A,c.129C>T(p.=),c.129C>T,synonymous_variant,,13,250832,5.182751802002934e-05,0,0,11-5364626-G-A
OR51B5,11,5364628,rs1275740628,G,A,p.Leu43Phe,c.127C>T,missense_variant,,1,250790,3.987399816579608e-06,0,0,11-5364628-G-A
OR51B5,11,5364629,rs141129878,G,A,c.126C>T(p.=),c.126C>T,synonymous_variant,,1,250728,3.988385820490731e-06,0,0,11-5364629-G-A
OR51B5,11,5364630,rs1311021039,G,A,p.Thr42Ile,c.125C>T,missense_variant,,1,250444,3.992908594336458e-06,0,0,11-5364630-G-A
OR51B5,11,5364631,rs370052288,T,C,p.Thr42Ala,c.124A>G,missense_variant,,1,250624,3.990040858018386e-06,0,0,11-5364631-T-C
OR51B5,11,5364633,rs781385753,C,T,p.Gly41Asp,c.122G>A,missense_variant,,1,250418,3.993323163670343e-06,0,0,11-5364633-C-T
OR51B5,11,5364634,rs748373536,C,T,p.Gly41Ser,c.121G>A,missense_variant,,1,250526,3.9916016700861385e-06,0,0,11-5364634-C-T
OR51B5,11,5364636,rs770131750,T,C,p.Asn40Ser,c.119A>G,missense_variant,,1,250716,3.988576716284561e-06,0,0,11-5364636-T-C
OR51B5,11,5364642,rs773484190,A,G,p.Phe38Ser,c.113T>C,missense_variant,,2,250742,7.976326263649489e-06,0,0,11-5364642-A-G
OR51B5,11,5364643,rs763471851,A,G,p.Phe38Leu,c.112T>C,missense_variant,,2,250800,7.974481658692186e-06,0,0,11-5364643-A-G
OR51B5,11,5364646,rs771546661,G,A,p.Leu37Phe,c.109C>T,missense_variant,,1,250748,3.9880677014373e-06,0,0,11-5364646-G-A
OR51B5,11,5364647,rs1421384498,G,GATGGAT,p.Ser35_Ile36dup,c.102_107dupATCCAT,inframe_insertion,,1,250726,3.988417635187416e-06,0,0,11-5364647-G-GATGGAT
OR51B5,11,5364648,rs775039177,A,G,p.Ile36Thr,c.107T>C,missense_variant,,5,250780,1.9937794082462717e-05,0,0,11-5364648-A-G
OR51B5,11,5364651,rs1172910710,G,T,p.Ser35Tyr,c.104C>A,missense_variant,,1,250590,3.990582225946766e-06,0,0,11-5364651-G-T
OR51B5,11,5364652,rs760258239,A,T,p.Ser35Thr,c.103T>A,missense_variant,,6,250618,2.3940818297169396e-05,0,0,11-5364652-A-T
OR51B5,11,5364654,rs763756903,A,G,p.Ile34Thr,c.101T>C,missense_variant,,1,250498,3.992047840701323e-06,0,0,11-5364654-A-G
OR51B5,11,5364655,,TATACATGAACAAGAAAA,T,p.Phe28TyrfsTer15,c.83_99delTTTTCTTGTTCATGTAT,frameshift_variant,lof_flag,1,250294,3.995301525406123e-06,0,0,11-5364655-TATACATGAACAAGAAAA-T
OR51B5,11,5364656,rs1315791300,A,G,c.99T>C(p.=),c.99T>C,synonymous_variant,,1,250068,3.998912295855527e-06,0,0,11-5364656-A-G
OR51B5,11,5364657,rs753485829,T,C,p.Tyr33Cys,c.98A>G,missense_variant,,1,250052,3.999168173020012e-06,0,0,11-5364657-T-C
OR51B5,11,5364660,rs761374346,A,G,p.Met32Thr,c.95T>C,missense_variant,,3,249636,1.201749747632553e-05,0,0,11-5364660-A-G
OR51B5,11,5364661,rs1272360390,T,C,p.Met32Val,c.94A>G,missense_variant,,1,248716,4.020650058701491e-06,0,0,11-5364661-T-C
OR51B5,11,5364668,rs1369198738,G,A,c.87C>T(p.=),c.87C>T,synonymous_variant,,1,248992,4.016193291350726e-06,0,0,11-5364668-G-A
OR51B5,11,5364672,rs1234267032,A,T,p.Phe28Tyr,c.83T>A,missense_variant,,1,249202,4.012808885963997e-06,0,0,11-5364672-A-T
OR51B5,11,5364676,rs146946914,C,T,p.Val27Ile,c.79G>A,missense_variant,,39,248218,0.00015711995101080502,0,0,11-5364676-C-T
OR51B5,11,5364677,rs138029050,G,A,c.78C>T(p.=),c.78C>T,synonymous_variant,,21,248086,8.464806559015826e-05,0,0,11-5364677-G-A
OR51B5,11,5364681,rs776450308,A,ATCCAGTGATGAGCTTCCT,p.Trp24_Ile25insLysGluAlaHisHisTrp,c.56_73dupAGGAAGCTCATCACTGGA,inframe_insertion,,2,247696,8.074413797558297e-06,0,0,11-5364681-A-ATCCAGTGATGAGCTTCCT
OR51B5,11,5364686,rs1283628392,G,A,c.69C>T(p.=),c.69C>T,synonymous_variant,,1,245818,4.068050346191085e-06,0,0,11-5364686-G-A
OR51B5,11,5364687,rs759271625,TGATGAGCTTCCTCCAAGCCTG,T,p.Pro16_His22del,c.47_67delCAGGCTTGGAGGAAGCTCATC,inframe_deletion,,2,245222,8.155875084617203e-06,0,0,11-5364687-TGATGAGCTTCCTCCAAGCCTG-T
OR51B5,11,5364691,rs566514307,G,A,p.His22Tyr,c.64C>T,missense_variant,,1,243926,4.0996039782557e-06,0,0,11-5364691-G-A
OR51B5,11,5364691,rs566514307,G,T,p.His22Asn,c.64C>A,missense_variant,,1,243926,4.0996039782557e-06,0,0,11-5364691-G-T
OR51B5,11,5364692,rs534026223,A,G,c.63T>C(p.=),c.63T>C,synonymous_variant,mnv,1,243200,4.111842105263158e-06,0,0,11-5364692-A-G
OR51B5,11,5364694,rs555677622,C,T,p.Ala21Thr,c.61G>A,missense_variant,mnv,1,242510,4.123541297266092e-06,0,0,11-5364694-C-T
OR51B5,11,5364695,rs1243680750,T,G,p.Glu20Asp,c.60A>C,missense_variant,,1,242226,4.128375979457201e-06,0,0,11-5364695-T-G
OR51B5,11,5364696,rs765130324,TCC,T,p.Glu20SerfsTer28,c.57_58delGG,frameshift_variant,lof_flag,1,241838,4.13499946245007e-06,0,0,11-5364696-TCC-T
OR51B5,11,5364701,rs376277471,C,A,p.Leu18Phe,c.54G>T,missense_variant,,1,238242,4.197412714802596e-06,0,0,11-5364701-C-A
OR51B5,11,5364701,rs376277471,C,G,p.Leu18Phe,c.54G>C,missense_variant,,1,238242,4.197412714802596e-06,0,0,11-5364701-C-G
OR51B5,11,5364701,rs376277471,C,T,c.54G>A(p.=),c.54G>A,synonymous_variant,,8,238242,3.357930171842077e-05,0,0,11-5364701-C-T
OR51B5,11,5364703,rs574030611,A,G,c.52T>C(p.=),c.52T>C,synonymous_variant,,0,237582,0,0,0,11-5364703-A-G
OR51B5,11,5364706,rs141505911,C,T,p.Gly17Ser,c.49G>A,missense_variant,,1,235044,4.2545225574786e-06,0,0,11-5364706-C-T
OR51B5,11,5364707,rs749588708,T,C,c.48A>G(p.=),c.48A>G,synonymous_variant,,1,233972,4.2740156941856294e-06,0,0,11-5364707-T-C
OR51B5,11,5364707,rs749588708,T,TGGAAAACCAGTCAATAG,p.Gly17TyrfsTer2,c.31_47dupCTATTGACTGGTTTTCC,stop_gained,lof_flag,1,233972,4.2740156941856294e-06,0,0,11-5364707-T-TGGAAAACCAGTCAATAG
OR51B5,11,5364708,rs200657676,G,A,p.Pro16Leu,c.47C>T,missense_variant,,4,234118,1.708540137879189e-05,0,0,11-5364708-G-A
OR51B5,11,5364709,rs775093256,G,GA,p.Pro16SerfsTer33,c.45dupT,frameshift_variant,lof_flag,1,233760,4.277891854893908e-06,0,0,11-5364709-G-GA
OR51B5,11,5364710,,A,AGG,p.Pro16LeufsTer59,c.44_45insCC,frameshift_variant,lof_flag,0,233122,0,0,0,11-5364710-A-AGG
OR51B5,11,5364715,rs577566074,C,T,p.Gly14Ser,c.40G>A,missense_variant,,0,231424,0,0,0,11-5364715-C-T
OR51B5,11,5364716,rs544747302,A,C,c.39T>G(p.=),c.39T>G,synonymous_variant,,0,230480,0,0,0,11-5364716-A-C
OR51B5,11,5364718,rs774986351,T,A,p.Thr13Ser,c.37A>T,missense_variant,,1,229970,4.34839326868722e-06,0,0,11-5364718-T-A
OR51B5,11,5364721,rs768849113,A,G,c.34T>C(p.=),c.34T>C,synonymous_variant,,0,227340,0,0,0,11-5364721-A-G
OR51B5,11,5364722,rs1400974873,T,C,c.33A>G(p.=),c.33A>G,synonymous_variant,,1,227088,4.403579229197492e-06,0,0,11-5364722-T-C
OR51B5,11,5364725,rs147069555,G,A,c.30C>T(p.=),c.30C>T,synonymous_variant,,2,223842,8.934873705560172e-06,0,0,11-5364725-G-A
OR51B5,11,5364728,rs199973004,G,A,c.27C>T(p.=),c.27C>T,synonymous_variant,,3,222660,1.3473457289140393e-05,0,0,11-5364728-G-A
OR51B5,11,5364730,rs776034792,G,T,p.Pro9Thr,c.25C>A,missense_variant,,1,214102,4.670670988594222e-06,0,0,11-5364730-G-T
OR51B5,11,5364730,rs776034792,G,A,p.Pro9Ser,c.25C>T,missense_variant,,2,214102,9.341341977188444e-06,0,0,11-5364730-G-A
OR51B5,11,5364732,rs761477133,T,G,p.His8Pro,c.23A>C,missense_variant,,1,212462,4.706724025943463e-06,0,0,11-5364732-T-G
OR51B5,11,5364733,rs554096970,G,T,p.His8Asn,c.22C>A,missense_variant,,16,210978,7.583729109196219e-05,0,0,11-5364733-G-T
OR51B5,11,5364737,rs772953127,G,C,p.Ser6Arg,c.18C>G,missense_variant,,86,207074,0.0004153104687213267,0,0,11-5364737-G-C
OR51B5,11,5364739,rs762662467,TGCC,T,p.Gly5del,c.13_15delGGC,inframe_deletion,,5,206364,2.422903219553798e-05,0,0,11-5364739-TGCC-T
OR51B5,11,5364740,rs763534331,GC,G,p.Gly5AlafsTer8,c.14delG,frameshift_variant,lof_flag,1,204136,4.898694987655288e-06,0,0,11-5364740-GC-G
OR51B5,11,5364742,rs11036913,C,T,p.Gly5Ser,c.13G>A,missense_variant,,80847,204720,0.3949150058616647,16688,0,11-5364742-C-T
OR51B5,11,5364743,rs201732422,G,C,p.Ser4Arg,c.12C>G,missense_variant,,7,202600,3.4550839091806514e-05,0,0,11-5364743-G-C
OR51B5,11,5364743,rs201732422,G,A,c.12C>T(p.=),c.12C>T,synonymous_variant,,37,202600,0.0001826258637709773,0,0,11-5364743-G-A
OR51B5,11,5364746,rs529505176,G,A,c.9C>T(p.=),c.9C>T,synonymous_variant,,7,199378,3.5109189579592536e-05,0,0,11-5364746-G-A
OR51B5,11,5364748,,A,G,p.Ser3Pro,c.7T>C,missense_variant,,0,198230,0,0,0,11-5364748-A-G
OR51B5,11,5364749,rs138291126,C,T,c.6G>A(p.=),c.6G>A,synonymous_variant,,11,197252,5.5766227972339954e-05,0,0,11-5364749-C-T
OR51B5,11,5364750,rs752700199,G,A,p.Ser2Leu,c.5C>T,missense_variant,,4,192476,2.0781811758349094e-05,0,0,11-5364750-G-A
OR51B5,11,5364750,rs752700199,G,T,p.Ser2Ter,c.5C>A,stop_gained,lof_flag,0,192476,0,0,0,11-5364750-G-T
OR51B5,11,5364751,rs149637851,A,G,p.Ser2Pro,c.4T>C,missense_variant,,2,192490,1.0390150137669489e-05,0,0,11-5364751-A-G
OR51B5,11,5364751,rs149637851,A,T,p.Ser2Thr,c.4T>A,missense_variant,,0,192490,0,0,0,11-5364751-A-T
OR51B5,11,5364753,rs777853171,A,C,p.Met1?,c.2T>G,start_lost,,0,189594,0,0,0,11-5364753-A-C
OR51B5,11,5364755,rs12800375,C,G,,c.-1G>C,5_prime_UTR_variant,,1,186968,5.3485088357365965e-06,0,0,11-5364755-C-G
OR51B5,11,5364755,rs12800375,C,T,,c.-1G>A,5_prime_UTR_variant,,3,186968,1.604552650720979e-05,0,0,11-5364755-C-T
OR51B5,11,5364759,rs1470158687,G,T,,c.-5C>A,5_prime_UTR_variant,,0,167584,0,0,0,11-5364759-G-T
OR51B5,11,5364763,rs779427713,T,C,,c.-9A>G,5_prime_UTR_variant,,5,153886,3.249158467956799e-05,0,0,11-5364763-T-C
OR51B5,11,5364765,rs1415132386,T,C,,c.-11A>G,5_prime_UTR_variant,,0,147402,0,0,0,11-5364765-T-C
OR51B5,11,5364766,rs1460580249,A,G,,c.-12T>C,5_prime_UTR_variant,,2,141912,1.409324088167315e-05,0,0,11-5364766-A-G
OR51B5,11,5364767,rs746334115,T,C,,c.-13A>G,5_prime_UTR_variant,,7,140768,4.9727210729711296e-05,0,0,11-5364767-T-C
OR51B5,11,5364775,rs12801245,A,G,,c.-21T>C,5_prime_UTR_variant,,0,115986,0,0,0,11-5364775-A-G
OR51B5,11,5364776,rs78253695,T,TGTC,,c.-25_-23dupGAC,5_prime_UTR_variant,,57619,155110,0.37147185868093613,11205,0,11-5364776-T-TGTC
OR51B5,11,5364777,rs767555437,G,GTCA,,c.-24_-23insTGA,5_prime_UTR_variant,,7,62204,0.00011253295607999485,0,0,11-5364777-G-GTCA
OR51B5,11,5364779,rs754413438,CTTTCTG,C,,c.-31_-26delCAGAAA,5_prime_UTR_variant,,2,150594,1.3280741596610755e-05,0,0,11-5364779-CTTTCTG-C
OR51B5,11,5364779,rs754413438,CT,C,,c.-26delA,5_prime_UTR_variant,,5,150594,3.3201853991526884e-05,0,0,11-5364779-CT-C
OR51B5,11,5364781,rs746503842,T,C,,c.-27A>G,5_prime_UTR_variant,,1,145294,6.882596666070175e-06,0,0,11-5364781-T-C
OR51B5,11,5364781,rs746503842,T,G,,c.-27A>C,5_prime_UTR_variant,,4,145294,2.75303866642807e-05,0,0,11-5364781-T-G
OR51B5,11,5364783,rs1156252980,CTG,C,,c.-31_-30delCA,5_prime_UTR_variant,,1,127312,7.85471911524444e-06,0,0,11-5364783-CTG-C
OR51B5,11,5364784,rs895250164,T,G,,c.-30A>C,5_prime_UTR_variant,,1,145552,6.870396834121139e-06,0,0,11-5364784-T-G
OR51B5,11,5364786,rs747576176,T,C,,c.-32A>G,5_prime_UTR_variant,,0,131922,0,0,0,11-5364786-T-C
OR51B5,11,5364791,rs1014068780,G,A,,c.-37C>T,5_prime_UTR_variant,,1,130154,7.683206048219801e-06,0,0,11-5364791-G-A
OR51B5,11,5364794,rs114128583,A,G,,c.-40T>C,5_prime_UTR_variant,,154,126176,0.0012205173725589652,3,0,11-5364794-A-G
OR51B5,11,5364797,rs1358176498,A,G,,c.-43T>C,5_prime_UTR_variant,,0,118788,0,0,0,11-5364797-A-G
OR51B5,11,5364798,rs772725935,C,G,,c.-44G>C,5_prime_UTR_variant,,1,118492,8.439388313135065e-06,0,0,11-5364798-C-G
OR51B5,11,5364798,rs772725935,C,T,,c.-44G>A,5_prime_UTR_variant,,0,118492,0,0,0,11-5364798-C-T
OR51B5,11,5364798,rs772725935,C,A,,c.-44G>T,5_prime_UTR_variant,,1,118492,8.439388313135065e-06,0,0,11-5364798-C-A
OR51B5,11,5364799,rs762605406,C,G,,c.-45G>C,5_prime_UTR_variant,,0,112950,0,0,0,11-5364799-C-G
OR51B5,11,5364801,rs533378486,C,A,,c.-47G>T,5_prime_UTR_variant,,0,113518,0,0,0,11-5364801-C-A
OR51B5,11,5364803,rs975491690,G,A,,c.-49C>T,5_prime_UTR_variant,,2,112690,1.7747803709290975e-05,0,0,11-5364803-G-A
OR51B5,11,5364805,rs1254765745,G,A,,c.-51C>T,5_prime_UTR_variant,,1,110684,9.034729500198764e-06,0,0,11-5364805-G-A
OR51B5,11,5364806,rs12800563,C,T,,c.-52G>A,5_prime_UTR_variant,,1,109800,9.107468123861566e-06,0,0,11-5364806-C-T
